{
  "versions": [
    {
      "name": "BETA 3.7.2",
      "date": "2025-09-01",
      "changes": [
        "1：desspeek优化More搜索框跳转算法",
        "2：desspeek优化Develop数据索引为json"
      ]
    },
    {
      "name": "BETA 3.7.1",
      "date": "2024-02-27",
      "changes": [
        "1：使用Sass优化css",
        "2：优化链接顺序"
      ]
    },
    {
      "name": "BETA 3.7",
      "date": "2024-1-11",
      "changes": [
        "1：大体积图片外链化",
        "2：优化logo图片体积",
        "3：新增Download页面",
        "4：删减无用页面"
      ]
    },
    {
      "name": "BETA 3.6.2",
      "date": "2023-12-14",
      "changes": [
        "1：优化more搜索算法",
        "2：优化图片体积",
        "3：新增mm页面"
      ]
    },
    {
      "name": "BETA 3.6.1",
      "date": "2023-11-07",
      "changes": [
        "1：优化more跳转栏样式，跳转栏黏顶优化",
        "2：首页搜索logo联动更换",
        "3：优化more的搜索样式",
        "4：初步本地化列表数据",
        "5：固定首页晃动的选项"
      ]
    },
    {
      "name": "BETA 3.6.0",
      "date": "2023-10-25",
      "changes": [
        "1：更改aa的跳转方式，集成在搜索框",
        "2：增加more的搜索框指向缓存为localStorage",
        "3：优化more的搜索样式",
        "4：增加more搜索框指向的缓存检测",
        "5：增加index搜索框指向,初步指向more的搜索选项"
      ]
    },
    {
      "name": "BETA 3.5.9",
      "date": "2023-10-18",
      "changes": [
        "1：more页面增加搜索框跳转选项，可以指定网站的搜索和局域网的跳转"
      ]
    },
    {
      "name": "BETA 3.5.8",
      "date": "2023-10-12",
      "changes": [
        "1：more页面增加搜索框"
      ]
    },
    {
      "name": "BETA 3.5.7",
      "date": "2023-10-09",
      "changes": [
        "1：优化dd，develop的返回跳转",
        "2：优化index样式的注释错误"
      ]
    },
    {
      "name": "BETA 3.5.6",
      "date": "2023-09-18",
      "changes": [
        "1：进一步优化more的列表算法"
      ]
    },
    {
      "name": "BETA 3.5.5",
      "date": "2023-09-15",
      "changes": [
        "1：进一步优化more的列表算法，但存在报错",
        "2：合并所有页面的JavaScript引用"
      ]
    },
    {
      "name": "BETA 3.5.4",
      "date": "2023-09-12",
      "changes": [
        "1：注册域名: xiaolanqqai.xyz",
        "2：摒弃英文，发扬中文",
        "3：更新文件布局，demo网站转正"
      ]
    },
    {
      "name": "BETA 3.5.3",
      "date": "2023-08-21",
      "changes": [
        "1：添加列表数据版本号"
      ]
    },
    {
      "name": "BETA 3.5.2",
      "date": "2023-08-16",
      "changes": [
        "1：更新开发信息页面的列表引用算法",
        "2：使用“一为 • API”优化网页图标请求",
        "3：首页获取剪贴板内容到百度搜索",
        "4：为网页添加物理地址状态显示。"
      ]
    },
    {
      "name": "BETA 3.5.1",
      "date": "2023-08-11",
      "changes": [
        "1：优化aa页面算法。"
      ]
    },
    {
      "name": "BETA 3.5.0",
      "date": "2023-09-12",
      "changes": [
        "1：分离式请求网站列表数据。",
        "2：使用AI优化网站列表核心算法。"
      ]
    },
    {
      "name": "BETA 3.4.3",
      "date": "2023-5-20",
      "changes": [
        "1：更新网站主框架版本为：BOOSTRAP_v5.3.0-alpha3",
        "2：样式和框架库文件请求更改为本地请求。"
      ]
    },
    {
      "name": "BETA 3.4.2",
      "date": "2022-12-20",
      "changes": [
        "1：更新网站主框架版本为：BOOSTRAP_v5.2.3"
      ]
    },
    {
      "name": "BETA 3.4.1",
      "date": "2022-11-12",
      "changes": [
        "1：更新网站主框架版本为：BOOSTRAP_v5.2.2"
      ]
    },
    {
      "name": "BETA 3.3.0",
      "date": "2022-07-04",
      "changes": [
        "1：更新网站主框架版本为：BOOSTRAP_v5.2.0_Beta1."
      ]
    },
    {
      "name": "BETA 3.2.3",
      "date": "2022-06-30",
      "changes": [
        "1：使用延迟算法加载图标。",
        "2：更新更多的网站列表。"
      ]
    },
    {
      "name": "BETA 3.2.1",
      "date": "2021-11-08",
      "changes": [
        "1：添加“每日诗歌”插件。",
        "2：更新更多的网站列表。"
      ]
    },
    {
      "name": "BETA 3.2",
      "date": "2021-10-17",
      "changes": [
        "1：更新网站主框架版本为：BOOSTRAP_v5.1.3."
      ]
    },
    {
      "name": "BETA 3.1",
      "date": "2021-09-20",
      "changes": [
        "1：对界面进行样式优化。",
        "2：更新网站主框架版本为：BOOSTRAP_v5.0.0-beta2."
      ]
    },
     {
      "name": "BETA 3.0",
      "date": "2021-11-08",
      "changes": [
        "1：更新网站主框架版本为：BOOSTRAP_v5.0.0-beta1."
      ]
    },
     {
      "name": "BETA 2.4",
      "date": "2021-11-08",
      "changes": [
        "1：添加web开发详细信息页面和网页列表概览。"
      ]
    },
     {
      "name": "BETA 2.3",
      "date": "2021-11-08",
      "changes": [
        "1：升级主框架boostrap-v4.",
        "2：将页面导航栏更改为新算法以提供网页加载速度。"
      ]
    }
  ]
}